ID,Time,Animal Type and Number,Location,Rating,Tinged By,Title,Tweet Date
2,5:25pm,2 Lion stationary,"H4-2, 2km N of H5 Near Lower Sabie",4/5,Henri and Rudi,"Dec 15, 2023 · 3:37 PM UTC",1h
3,4:59pm,Mating pair of Lion stationary,"H5, 5km E of S108 Near Crocodile Bridge",5/5,Henri and Rudi,"Dec 15, 2023 · 3:21 PM UTC",1h
7,10:06am,1 Southern Ground Hornbill stationary,"H10, 4.7km S of S129 Near Lower Sabie",3/5,Belindaoelofse,"Dec 15, 2023 · 2:50 PM UTC",2h
8,2:54pm,13 Sable Antelopes stationary,"H1-1, 260m N of S1 W junction Near Pretoriuskop",4/5,MVD1996,"Dec 15, 2023 · 1:49 PM UTC",3h
15,2:23pm,1 Lion,"S102, Mpondo dam Near Lower Sabie",5/5,Penny,"Dec 15, 2023 · 12:29 PM UTC",4h
17,9:29am,2 Lion stationary,"S100, 8.2km E of H1-3, river side Near Satara",4/5,kelsww,"Dec 15, 2023 · 11:29 AM UTC",5h
19,12:30pm,1 Leopard ,"H4-2, 3.2km N from H5, on the road Near Lower Sabie",5/5,Christa,"Dec 15, 2023 · 11:03 AM UTC",5h
20,8:30am,Pack of Wild Dog on the move,"H3, traveling on the road from the H1-1 Near Skukuza",5/5,The Neumann Girls,"Dec 15, 2023 · 11:02 AM UTC",5h
21,10:43am,1 Elephant stationary,"S110 tar, 2km W of H3 Near Malelane",5/5,Mansi,"Dec 15, 2023 · 10:49 AM UTC",6h
22,11:45am,1 Leopard marking territory,"H3, about 1km  from S114. Went into shade of tree. Near Malelane",5/5,Dorette,"Dec 15, 2023 · 10:49 AM UTC",6h
23,12:05pm,"1 Leopard was stationary under a bush, now moved off.","H3, 400m N of S110 sand Near Malelane",5/5,Henri and Rudi,"Dec 15, 2023 · 10:49 AM UTC",6h
24,11:55am,1 Leopard in a tree,"H3, 1.4km S of S110 sand. Near Malelane",5/5,Henri and Rudi,"Dec 15, 2023 · 10:49 AM UTC",6h
30,10:00am,Pride of Lion on the move,"H3, 1.5km S of the S110 sand road Near Malelane",4/5,Sunflower,"Dec 15, 2023 · 8:28 AM UTC",8h
31,9:57am,4 Elephant drinking and Hippopotamus,"S3, road at Mestel dam Near Numbi",5/5,LvVuuren,"Dec 15, 2023 · 8:18 AM UTC",8h
33,9:32am,4 Elephant drinking,"S3, at Mestel dam Near Numbi",3/5,Koinian,"Dec 15, 2023 · 8:18 AM UTC",8h
36,9:29am,Dazzle of Burchell's Zebra ,"H3, 2.2km N of Renosterpan Near Malelane",5/5,Die Agies,"Dec 15, 2023 · 8:12 AM UTC",8h
37,8:50am,Vurhani pride of Lion on the move,"H4-2, 400m N of S25 on W side Near Crocodile Bridge",3/5,Christelle - Capture Nature Kruger Safaris,"Dec 15, 2023 · 8:12 AM UTC",8h
38,8:50am,Vurhani pride of Lion stationary,"S25, 100m from H4-2 S side Near Crocodile Bridge",5/5,Christelle - Capture Nature Kruger Safaris,"Dec 15, 2023 · 7:15 AM UTC",9h
39,8:50am,Vurhani pride of Lion stationary,"S25, 100m from H4-2 S side Near Crocodile Bridge",5/5,Jean - Discover Kruger Safaris,"Dec 15, 2023 · 7:15 AM UTC",9h
40,8:52am,Herd of Elephant eating,"H3, 100m south of Mlambane river on both sides Near Malelane",5/5,Die Agies,"Dec 15, 2023 · 7:15 AM UTC",9h
42,8:36am,5 Lion sleeping,"S22, 900m W of S114 Near Skukuza",2/5,MorneSoekoe,"Dec 15, 2023 · 7:03 AM UTC",9h
43,8:49am,3 Spotted Hyena stationary,"H1-1, 800m N of S114 Near Skukuza",5/5,albert vds,"Dec 15, 2023 · 7:03 AM UTC",9h
44,8:00am,1 Leopard hunting,"H3, near Kwaggaspan on H3. Was in tree, jumped off. Near Skukuza",4/5,Dorette,"Dec 15, 2023 · 6:48 AM UTC",10h
46,8:05am,1 Leopard in a tree,"S25, 8km E of S26. Distant vis on S side. She got out and moved off E. Lost visual Near Crocodile Bridge",5/5,Christelle - Capture Nature Kruger Safaris,"Dec 15, 2023 · 6:29 AM UTC",10h
47,8:05am,1 Leopard in a tree,"S25, 8km E of S26. Distant vis on S side. She got out and moved off E. Lost visual Near Crocodile Bridge",5/5,Jean - Discover Kruger Safaris,"Dec 15, 2023 · 6:29 AM UTC",10h
48,7:58am,2 Lion stationary,"S110 sand, 400m E of S120 Near Berg En Dal",4/5,JessicaJane,"Dec 15, 2023 · 6:25 AM UTC",10h
49,7:53am,Pride of Lion stationary,"H4-2, 10m from S25 Near Crocodile Bridge",5/5,Mercia,"Dec 15, 2023 · 6:09 AM UTC",10h
51,7:31am,Pack of Wild Dog stationary,"S25, 200m from S26 Near Biyamiti Bush Camp",5/5,Marja,"Dec 15, 2023 · 5:38 AM UTC",11h
52,7:26am,Pack of Wild Dog stationary,"S25, in the road 2km W of S26. Near Biyamiti Bush Camp",5/5,Jean - Discover Kruger Safaris,"Dec 15, 2023 · 5:32 AM UTC",11h
53,7:26am,Pack of Wild Dog stationary,"S25, in the road 2km W of S26. Near Biyamiti Bush Camp",5/5,Christelle - Capture Nature Kruger Safaris,"Dec 15, 2023 · 5:32 AM UTC",11h
57,5:15am,2 Cheetah on the move,"S28, at No Entry, went mobile in the Shishangeni concession, lost visual Near Crocodile Bridge",5/5,Mfundziso Nyambi,"Dec 15, 2023 · 5:08 AM UTC",11h
58,6:50am,1 Lion on the move,"H4-2, S25 junction, moving West Near Crocodile Bridge",5/5,Mfundziso Nyambi,"Dec 15, 2023 · 5:08 AM UTC",11h
62,5:50am,1 Black backed Jaackal stationary,"S25, 200m W of H4-2 Near Crocodile Bridge",5/5,Sunflower,"Dec 15, 2023 · 4:02 AM UTC",12h
63,5:15pm,1 Buffalo crossed road,"S1, W of S4 Near Skukuza",5/5,sarajanemalone,"Dec 14, 2023 · 3:22 PM UTC",Dec 14
65,1:36pm,1 Lion ,"S41, 6.5km N of S100 Near Satara",5/5,Lutri,"Dec 14, 2023 · 3:07 PM UTC",Dec 14
66,5:00pm,Pack of Wild Dog sleeping,"S110 tar, 200m W of H3 Near Malelane",5/5,Serene,"Dec 14, 2023 · 3:02 PM UTC",Dec 14
69,2:30pm,6 Lion hunting,"H4-1, outside Nkuhlu Near Lower Sabie",5/5,gowild photography,"Dec 14, 2023 · 1:50 PM UTC",Dec 14
73,1:20pm,3 Lion stationary,"S41, 3km N of Gudzani dam Near Satara",5/5,Lutri,"Dec 14, 2023 · 12:35 PM UTC",Dec 14
74,2:22pm,1 Leopard stationary,"S25, 7.9km W of H4-2 Near Crocodile Bridge",5/5,Scott22,"Dec 14, 2023 · 12:35 PM UTC",Dec 14
76,1:54pm,3 Elephant stationary,"H9, 1km E of S51 E junction Near Phalaborwa",2/5,CelesteRaath,"Dec 14, 2023 · 12:05 PM UTC",Dec 14
77,11:37am,1 Elephant eating,"S28, 4.7km N of S137, in marshy area E side of road Near Lower Sabie",5/5,Peter53,"Dec 14, 2023 · 11:43 AM UTC",Dec 14
78,10:45am,15 Elephant crossed road,"S28, 600m S of S107 Near Crocodile Bridge",5/5,Peter53,"Dec 14, 2023 · 11:43 AM UTC",Dec 14
79,12:36pm,6 Elephant stationary,"H4-2, 2.8km N of H5 Near Lower Sabie",5/5,Peter53,"Dec 14, 2023 · 10:52 AM UTC",Dec 14
80,12:27pm,1 Elephant ,"H4-2, 5.3km N of H5 Near Lower Sabie",5/5,Peter53,"Dec 14, 2023 · 10:43 AM UTC",Dec 14
82,9:05am,1 Lion ,"H4-1, at Lubyelubye bridge Near Lower Sabie",4/5,Yusuf,"Dec 14, 2023 · 9:16 AM UTC",Dec 14
83,10:20am,3 Cheetah stationary,"S28, 10.7km N of S28 S junction, about 100m in on  grassy mound Near Crocodile Bridge",3/5,Unknown,"Dec 14, 2023 · 8:29 AM UTC",Dec 14
84,10:22am,4 Giraffe ,"H1-1, 1.9km N of S114 Near Skukuza",4/5,Tommi,"Dec 14, 2023 · 8:27 AM UTC",Dec 14
86,8:50am,Pack of Wild Dog stationary,"S110 tar, 200m W of H3, lying in shade close to the road Near Malelane",5/5,Christelle - Capture Nature Kruger Safaris,"Dec 14, 2023 · 7:53 AM UTC",Dec 14
87,9:24am,1 Leopard stationary,"H9, just past Masorini picnic site, 10m off the road in drainage lin Near Phalaborwa",5/5,Philip,"Dec 14, 2023 · 7:30 AM UTC",Dec 14
92,9:01am,Pack of Wild Dog stationary,"H3, 100m N of S110 tar, under the bushes within 3m of the road Near Malelane",3/5,JessicaJane,"Dec 14, 2023 · 7:14 AM UTC",Dec 14
94,8:30am,3 Cheetah on the move,"H5, about 3km W of S102 towards the S114 Near Lower Sabie",5/5,Motalas,"Dec 14, 2023 · 6:51 AM UTC",Dec 14
95,8:21am,Photo of the Spotted Hyena eating a bone on the side of the road,"H3, N of Mlambane river just N of Renosterpan, on the W side of road but before Afsaal Near Malelane",5/5,SGL,"Dec 14, 2023 · 6:40 AM UTC",Dec 14
99,7:50am,Photo of the Lionesses and cubs that crossed road,"H1-2, about 5km W of H12 Near Skukuza",5/5,Yadhir,"Dec 14, 2023 · 6:24 AM UTC",Dec 14
100,8:15am,"Road blocked by Tree branches, can't pass","S130, about 10km N of H4-2 S Near Crocodile Bridge",5/5,M,"Dec 14, 2023 · 6:21 AM UTC",Dec 14
102,7:36am,1 Leopard crossed road,"H3, 220m S of S118 Near Malelane",5/5,kelsww,"Dec 14, 2023 · 6:07 AM UTC",Dec 14
103,7:49am,2 Spotted Hyena on the move with her cubs right next to the road,"H11, 6.4km E of S1 Near Skukuza",5/5,AusPat2023,"Dec 14, 2023 · 6:00 AM UTC",Dec 14
104,6:58am,1 Buffalo stationary,"H4-1, 600m W of Sunset dam Near Lower Sabie",5/5,GMV,"Dec 14, 2023 · 5:28 AM UTC",Dec 14
106,6:22am,Pack of Wild Dog stationary,"S110 tar, they were running on the H3 but have now settled down on the S110 tar Near Malelane",5/5,Aryeh,"Dec 14, 2023 · 4:57 AM UTC",Dec 14
107,5:06am,1 Leopard was stationary,"H3, 170m N of S118, ran off into bushes, possibly on the hunt Near Malelane",5/5,kelsww,"Dec 14, 2023 · 4:54 AM UTC",Dec 14
110,5:56am,1 Spotted Hyena on the move,"H4-2, just N os S25 Near Crocodile Bridge",5/5,KopiteonSafari,"Dec 14, 2023 · 4:20 AM UTC",Dec 14
111,5:59am,3 Lion stationary,"H4-2, 300m N of S28 S Near Crocodile Bridge",2/5,NicoleBrighton,"Dec 14, 2023 · 4:20 AM UTC",Dec 14
112,5:40am,Pride of Lion stationary,"H4-2, 300m N of S28 S Near Crocodile Bridge",4/5,Kerry - Kruger Pride Safaris,"Dec 14, 2023 · 4:13 AM UTC",Dec 14
115,4:40pm,Pack of Wild Dog stationary,"S121, 3km E of H3 Near Malelane",5/5,Chene and sion,"Dec 13, 2023 · 2:53 PM UTC",Dec 13
120,10:05am,1 Leopard on the move,"H4-1, 500m N of Nkuhlu Picnic Spot Near Skukuza",5/5,Muaawiyah,"Dec 13, 2023 · 11:30 AM UTC",Dec 13
124,8:15am,3 Lion on the move with kill,"S41, 6.5km S of S90 Near Satara",5/5,Mdmar,"Dec 13, 2023 · 10:29 AM UTC",Dec 13
127,12:01pm,1 Leopard in a tree,"H1-1, 3.6km S of H11 Near Skukuza",3/5,francois_vis,"Dec 13, 2023 · 10:05 AM UTC",Dec 13
128,11:12am,1 Leopard in a tree,"S25, 6.7km E of S119 Near Malelane",3/5,KennieG13,"Dec 13, 2023 · 10:04 AM UTC",Dec 13
129,11:12am,1 Leopard in a tree,"H1-1, 3.6km S of H11 Near Skukuza",3/5,Wilemneree,"Dec 13, 2023 · 9:29 AM UTC",Dec 13
130,8:50am,100 plus Buffalo grazing,"S26, 3km E of S102 Near Crocodile Bridge",3/5,BerniceVos,"Dec 13, 2023 · 9:21 AM UTC",Dec 13
131,10:18am,4 Wild Dogs sleeping,"H3, 200m S of Afsaal Near Malelane",5/5,The Neumann Girls,"Dec 13, 2023 · 8:40 AM UTC",Dec 13
137,8:00am,2 Southern Ground Hornbills on the move,"S118, 1.3km from S114 Near Malelane",5/5,JessicaJane,"Dec 13, 2023 · 7:09 AM UTC",Dec 13
139,8:54am,5 Lions sleeping,"H5, 2.1km from H4-2 Near Crocodile Bridge",4/5,Didi,"Dec 13, 2023 · 6:59 AM UTC",Dec 13
145,7:34am,1 Leopard in a tree,"H1-1, 1.5km S of H11 Near Skukuza",4/5,kingelen460,"Dec 13, 2023 · 5:57 AM UTC",Dec 13
146,7:43am,2 Lions stationary,"S118, 850m from S114 Near Malelane",3/5,JessicaJane,"Dec 13, 2023 · 5:57 AM UTC",Dec 13
148,7:28am,1 Lion stationary,"S25, 3.6km E of S26 Near Crocodile Bridge",3/5,BerniceVos,"Dec 13, 2023 · 5:35 AM UTC",Dec 13
163,1:26pm,1 Hippopotamus stationary,"S25, 2.3km W of S27 Near Crocodile Bridge",5/5,Jescom,"Dec 12, 2023 · 11:38 AM UTC",Dec 12
165,11:20am,1 African Fish Eagle in a tree,"S3, 3km from H11 Near Paul Kruger Gate",5/5,Frannie - Tambotie Transfers and Tours,"Dec 12, 2023 · 11:37 AM UTC",Dec 12
167,5:55am,10 Wild Dog on the move,"S128, 1.2km N of S30 Near Lower Sabie",5/5,Mdmar,"Dec 12, 2023 · 11:01 AM UTC",Dec 12
168,12:39pm,4 Lion sleeping,"S108, 170m from H5 Near Crocodile Bridge",5/5,sarajanemalone,"Dec 12, 2023 · 11:00 AM UTC",Dec 12
169,6:48am,2 Spotted Hyena stationary,"H3, 2km S of Afsaal Near Malelane",5/5,Zian2025,"Dec 12, 2023 · 10:37 AM UTC",Dec 12
178,10:58am,2 Black backed Jackal on the move,"S28, 3.4km from H4-2 S entrance Near Crocodile Bridge",5/5,Kerry - Kruger Pride Safaris,"Dec 12, 2023 · 9:01 AM UTC",Dec 12
179,9:55am,3 Lion stationary,"S137, 500m E of Duke waterhole access road Near Lower Sabie",5/5,Ou Maat,"Dec 12, 2023 · 8:59 AM UTC",Dec 12
180,8:36am,1 Leopard on the move,"S137, 400m W of Duke waterhole access road Near Lower Sabie",5/5,SHerb,"Dec 12, 2023 · 8:47 AM UTC",Dec 12
189,9:10am,1 Elephant stationary,"S110 gravel, at the Matjulu waterhole Near Berg en Dal",5/5,MichaelLever1 - Latest Sightings,"Dec 12, 2023 · 7:59 AM UTC",Dec 12
192,8:50am,5 Southern Ground hornbill in a tree,"S26, 2km E of S114 Near Skukuza",5/5,Paula de Man,"Dec 12, 2023 · 7:35 AM UTC",Dec 12
194,8:36am,5 Wild Dog stationary,"H3, 5km n of Afsaal Near Malelane",4/5,wimhomble,"Dec 12, 2023 · 7:31 AM UTC",Dec 12
196,8:27am,2 Spotted Hyena stationary,"S66, at the Transport Dam Near Skukuza",4/5,Meerkat629,"Dec 12, 2023 · 7:24 AM UTC",Dec 12
204,7:25am,3 Lion stationary,"S118, just near S114 Near Malelane",5/5,MichaelLever1 - Latest Sightings,"Dec 12, 2023 · 6:34 AM UTC",Dec 12
214,3:35pm,1 Wildebeest feeding,"S25, 3.5km E of S119 Near Malelane",5/5,KopiteonSafari,"Dec 11, 2023 · 2:40 PM UTC",Dec 11
215,3:35pm,4 Wild Dog stationary,"S25, 3.5km E of S119 Near Malelane",5/5,KopiteonSafari,"Dec 11, 2023 · 2:40 PM UTC",Dec 11
216,3:22pm,1 Leopard on the move,"S26, 1.1km E of S102 Near Crocodile Bridge",4/5,Andre and Corlia,"Dec 11, 2023 · 2:19 PM UTC",Dec 11
217,3:19pm,3 Cheetahs on the move,"S82, 600m from H4-2, N entrance Near Lower Sabie",5/5,Christel1975,"Dec 11, 2023 · 2:14 PM UTC",Dec 11
218,3:33pm,2 Marabou Stork feeding,"S25, 900m from H4-2 Near Crocodile Bridge",5/5,KopiteonSafari,"Dec 11, 2023 · 1:49 PM UTC",Dec 11
220,6:00am,1 Cheetah stationary,"S1, 2km E of the Nyamundwa Dam Near Phabeni",5/5,Annicaaa,"Dec 11, 2023 · 1:37 PM UTC",Dec 11
221,1:55pm,4 Wild Dog stationary,"S25, 3.5km E of S119 Near Malelane",5/5,KopiteonSafari,"Dec 11, 2023 · 12:04 PM UTC",Dec 11
224,8:04am,1 Spotted Hyena on the move,"S66, 2.3km from H1-1 Near Skukuza",3/5,Annicaaa,"Dec 11, 2023 · 11:39 AM UTC",Dec 11
225,11:29am,2 Spotted Hyena stationary,"H4-1, 6.5km E of H1-2 Near Skukuza",5/5,Annicaaa,"Dec 11, 2023 · 11:39 AM UTC",Dec 11
226,7:19am,3 Giraffe feeding,"H1-1, 2.8km E of S11 E entrance Near Pretoriuskop",5/5,Annicaaa,"Dec 11, 2023 · 11:39 AM UTC",Dec 11
227,6:18am,1 Elephant feeding,"H1-1, 750m W of S20 Near Pretoriuskop",4/5,Annicaaa,"Dec 11, 2023 · 11:37 AM UTC",Dec 11
228,6:27am,1 Elephant stationary,"H1-1, 1.2km E of S11 E entrance Near Pretoriuskop",3/5,Annicaaa,"Dec 11, 2023 · 11:37 AM UTC",Dec 11
229,7:19am,1 Cheetah hunting,"H1-1, 6.8km E of S11 E entrance Near Pretoriuskop",5/5,Annicaaa,"Dec 11, 2023 · 11:37 AM UTC",Dec 11
231,1:12pm,7 Marabou Stork stationary,"S114, 300m N of S118 Near Malelane",5/5,KopiteonSafari,"Dec 11, 2023 · 11:16 AM UTC",Dec 11
233,11:51am,4 Warthog stationary,"S1, 300m E of S4 Near Skukuza",4/5,NicoleBrighton,"Dec 11, 2023 · 11:01 AM UTC",Dec 11
234,12:00pm,2 Spotted Hyena stationary,"S1, 1.5km E of S4 Near Skukuza",5/5,NicoleBrighton,"Dec 11, 2023 · 11:01 AM UTC",Dec 11
235,12:44pm,6 Wild Dog stationary,"S110 gravel, 5.6km W of S120 Near Berg en Dal",5/5,GraemeK,"Dec 11, 2023 · 10:54 AM UTC",Dec 11
236,12:48pm,1 Lion stationary,"S114, 950m N of S118 Near Malelane",4/5,KopiteonSafari,"Dec 11, 2023 · 10:54 AM UTC",Dec 11
237,12:14pm,1 Burchell's Coucal in a tree,"S114, 2.4km N of S23 S entrance Near Malelane",4/5,KopiteonSafari,"Dec 11, 2023 · 10:23 AM UTC",Dec 11
238,12:11pm,1 Spotted Hyena on the move,"S114, 3.9km N of S23 S entrance Near Malelane",5/5,KopiteonSafari,"Dec 11, 2023 · 10:23 AM UTC",Dec 11
239,12:02pm,2 African Fish Eagle stationary,"S114, 1.9km N of S25 Near Malelane",2/5,Youdabambi,"Dec 11, 2023 · 10:10 AM UTC",Dec 11
240,11:21am,12 Wild Dog stationary,"S25, 3.5km E of S119 Near Malelane",5/5,TreeHugger,"Dec 11, 2023 · 9:28 AM UTC",Dec 11
241,7:38am,4 Spotted Hyena sleeping,"H3, 4.5km N of S118 Near Malelane",5/5,Christel1975,"Dec 11, 2023 · 9:04 AM UTC",Dec 11
248,5:40am,1 Spotted Hyena stationary,"H3, 2km S of Afsaal Near Malelane",5/5,rachitjain,"Dec 11, 2023 · 6:12 AM UTC",Dec 11
251,7:00am,1 Marabou Stork feeding,"S121, at the S114 junction Near Malelane",5/5,Frannie - Tambotie Transfers and Tours,"Dec 11, 2023 · 6:05 AM UTC",Dec 11
254,7:27am,2 Giraffe stationary,"H1-1, 3.3km S of H11 Near Skukuza",5/5,Sombro,"Dec 11, 2023 · 5:39 AM UTC",Dec 11
255,6:56am,3 Lion stationary,"S114, 1.1km N of S118 Near Malelane",5/5,Afghan,"Dec 11, 2023 · 5:09 AM UTC",Dec 11
256,6:20am,10 Wild Dog hunting,"S26, 300m from S25 Near Crocodile Bridge",5/5,minwyn02,"Dec 11, 2023 · 5:03 AM UTC",Dec 11
257,5:37am,3 Black Backed Jackal on the move,"S25, 400m from H4-2 Near Crocodile Bridge",5/5,Andre and Corlia,"Dec 11, 2023 · 4:35 AM UTC",Dec 11
258,5:59am,5 Spotted Hyena stationary,"S1, 2.6km W of Nyamundwa Dam Near Phabeni",5/5,Neumann Girls,"Dec 11, 2023 · 4:35 AM UTC",Dec 11
264,4:30pm,1 Leopard in a tree with kill,"S1, just W of S4 on N side of road in the strong rain. It's quite far off Near Skukuza",4/5,Michael - Latest Sightings,"Dec 10, 2023 · 3:07 PM UTC",Dec 10
265,4:29pm,2 Spotted Hyenas crossed road,"S1, 3.3km E of S3 Near Phabeni",5/5,lemonadeshock,"Dec 10, 2023 · 3:07 PM UTC",Dec 10
266,2:20pm,Lots of Crocodile and Spoonbills with the pod of Hippopotami,"S28, 1.2km E of H402 S junction Near Crocodile Bridge",5/5,Sez Photography,"Dec 10, 2023 · 2:30 PM UTC",Dec 10
270,3:31pm,1 Leopard feeding,"S1, just W of S4 Near Skukuza",4/5,lemonadesshock,"Dec 10, 2023 · 2:20 PM UTC",Dec 10
271,2:15pm,1 Flap necked Chameleon on the move,"H1-2, 3.1km E of Kruger Tablet Near Tshokwane",5/5,Michael - Latest Sightings,"Dec 10, 2023 · 2:20 PM UTC",Dec 10
273,10:30am,2 Buffalo stationary,"S83, 1.8km N of H1-2 W junction Near Skukuza",5/5,Michael - Latest Sightings,"Dec 10, 2023 · 2:18 PM UTC",Dec 10
277,3:03pm,1 Leopard hunting,"H4-2, 750m N of H5 Near Lower Sabie",2/5,KopiteonSafari,"Dec 10, 2023 · 1:37 PM UTC",Dec 10
278,9:00am,3 Cheetahs stationary,"S28, 4km S of S107 Near Crocodile Bridge",2/5,ToyahM,"Dec 10, 2023 · 1:36 PM UTC",Dec 10
279,2:04pm,2 Lions stationary,"S118, 5.6km E of H3 Near Malelane",5/5,ToyahM,"Dec 10, 2023 · 1:36 PM UTC",Dec 10
280,2:30pm,1 Leopard in a tree,"S1, just past the S4 Near Skukuza",5/5,K,"Dec 10, 2023 · 1:35 PM UTC",Dec 10
281,1:49pm,1 Lion stationary,"H1-2, Lying in the Sand river Near Skukuza",5/5,K,"Dec 10, 2023 · 1:35 PM UTC",Dec 10
282,1:06pm,Pod of 7 Hippopotami swimming,"S28, 1.2km E of H4-2 S junction at view site Near Crocodile Bridge",5/5,Eloisar,"Dec 10, 2023 · 11:17 AM UTC",Dec 10
283,11:25am,3 Cheetahs stationary,"S28, 8.8km E of H4-2 S junction, difficult to see, they are lying under a bush and in between grass Near Crocodile Bridge",2/5,Eloisar,"Dec 10, 2023 · 11:17 AM UTC",Dec 10
284,12:00pm,Clan of Spotted Hyena stationary,"H10, 6.1km S of H1-2 at Den Near Tshokwane",5/5,Andre and Corlia,"Dec 10, 2023 · 11:11 AM UTC",Dec 10
285,12:27pm,Pride of Lion stationary,"S102, 4km N of Mpondo dam Near Lower Sabie",5/5,Tauhirah,"Dec 10, 2023 · 10:45 AM UTC",Dec 10
286,11:29am,1 Elephant eating,"S10, 900m E of S7 N junction Near Pretoriuskop",5/5,CathBauwens,"Dec 10, 2023 · 10:19 AM UTC",Dec 10
288,10:53am,1 Lion stationary,"S3, 7.4km S of S1 Near Phabeni",5/5,CathBauwens,"Dec 10, 2023 · 10:19 AM UTC",Dec 10
290,11:20am,1 Elephant on the move,"S7, 2km N of H1-1 Near Pretoriuskop",5/5,CathBauwens,"Dec 10, 2023 · 10:19 AM UTC",Dec 10
291,10:42am,1 Leopard in a tree,"H3, 350m N of S110 tar, 200m from the road Near Malelane",3/5,TY1,"Dec 10, 2023 · 10:19 AM UTC",Dec 10
293,10:32am,3 Lion stationary,"H3, 1.7km S of S113 in the riverbed Near Jock Safari Lodge",2/5,Hauptfleisch,"Dec 10, 2023 · 8:57 AM UTC",Dec 10
294,9:17am,2 Lion stationary,"S118, 2km W of S114 Near Malelane",4/5,Hauptfleisch,"Dec 10, 2023 · 8:57 AM UTC",Dec 10
295,9:17am,2 Lion stationary,"S118, 1.7km W of S114 Near Malelane",4/5,Hauptfleisch,"Dec 10, 2023 · 8:18 AM UTC",Dec 10
297,9:40am,3 Buffalo stationary,"S114, in the water 200m before S121 Near Malelane",5/5,Sunflower,"Dec 10, 2023 · 8:11 AM UTC",Dec 10
298,7:20am,1 Lion stationary,"H1-2, lying completely visible in the Mutlumuvi riverbed on the sand Near Skukuza",5/5,Lynette,"Dec 10, 2023 · 8:11 AM UTC",Dec 10
303,7:20am,1 Spotted Hyena stationary,"S112, 3.9km E of H3, standing around next to road Near Skukuza",5/5,Michael - Latest Sightings,"Dec 10, 2023 · 7:22 AM UTC",Dec 10
304,8:06am,1 Cheetah stationary,"S28, 11.5km E of H4-2 S junction, 20m into the bush Near Crocodile Bridge",2/5,NatgeoJames,"Dec 10, 2023 · 7:22 AM UTC",Dec 10
305,8:20am,3 Cheetah stationary,"S28, 11.5km E of H4-2 S junction, lying down in the grass 80m from the road Near Crocodile Bridge",1/5,minwyn02,"Dec 10, 2023 · 7:22 AM UTC",Dec 10
307,8:27am,1 Lion stationary,"S118, 5.9km E of H3 Near Malelane",5/5,ConnerMacK,"Dec 10, 2023 · 7:22 AM UTC",Dec 10
311,6:40am,1 Verreaux's Eagle Owl stationary,"S27, 550m S of S25 Near Crocodile Bridge",5/5,NatgeoJames,"Dec 10, 2023 · 5:01 AM UTC",Dec 10
313,6:15am,1 Southern Ground Hornbill on the move,"S121, 300m E from H3 Near Malelane",5/5,Sunflower,"Dec 10, 2023 · 4:30 AM UTC",Dec 10
316,5:38am,1 Lion sleeping,"S3, 8.1km S of S1, very close to road Near Phabeni Gate",5/5,MikaylaSindlerova,"Dec 10, 2023 · 4:27 AM UTC",Dec 10
317,5:49am,1 Lion stationary,"S3, 8km S of S1 Near Phabeni Gate",5/5,MikaylaSindlerova,"Dec 10, 2023 · 4:27 AM UTC",Dec 10
318,5:59am,3 Giraffe stationary,"S1, just E of S65 Near Skukuza",5/5,lemonadeshock,"Dec 10, 2023 · 4:27 AM UTC",Dec 10
319,6:03am,2 Black backed Jackal on the move,"S25, 500m W of H4-2, about 20m in Near Crocodile Bridge",5/5,NatgeoJames,"Dec 10, 2023 · 4:27 AM UTC",Dec 10
320,6:04am,5 Elephant ,"S65, 450m S of S1 Near Skukuza",4/5,lemonadeshock,"Dec 10, 2023 · 4:27 AM UTC",Dec 10
321,6:05am,8 Marabou Stork stationary,"S25, 750m W of H4-2 Near Crocodile Bridge",5/5,NatgeoJames,"Dec 10, 2023 · 4:27 AM UTC",Dec 10
322,5:54am,4 Lion stationary,"S28, 7.4km E of H4-2 S junction Near Crocodile Bridge",5/5,Andre and Corlia,"Dec 10, 2023 · 4:05 AM UTC",Dec 10
324,5:41pm,20 Buffalo stationary,"S108, 200m E of S26 Near Crocodile Bridge",4/5,NatgeoJames,"Dec 9, 2023 · 3:54 PM UTC",Dec 9
325,4:47pm,1 Tawny Eagle in a tree,"H4-2, 450m S of S25 Near Crocodile Bridge",4/5,NatgeoJames,"Dec 9, 2023 · 3:11 PM UTC",Dec 9
326,1:20pm,1 Southern Ground Hornbill on the move,"H3, 3.3km S of S113 Near Jock Safari Lodge",5/5,ConnerMacK,"Dec 9, 2023 · 3:11 PM UTC",Dec 9
330,2:17pm,4 Crocodile eating a buffalo,"H4-2, 1.5km N of S28 N junction Near Lower Sabie",4/5,Ray78,"Dec 9, 2023 · 2:10 PM UTC",Dec 9
331,12:30pm,1 Yellow billed Stork eating and Crocodile,"H4-1, Sunset dam Near Lower Sabie",5/5,Ray78,"Dec 9, 2023 · 2:10 PM UTC",Dec 9
333,8:52am,1 Tawny Eagle in a tree and Nyala,"H4-2, 4.8km N of H5 Near Lower Sabie",5/5,Ray78,"Dec 9, 2023 · 2:09 PM UTC",Dec 9
334,9:50am,Pod of 10 Hippopotami stationary,"H4-1, Sunset dam Near Lower Sabie",4/5,Ray78,"Dec 9, 2023 · 2:09 PM UTC",Dec 9
335,8:33am,1 Leopard Tortoise eating,"H4-2, 650m N of S130 S junction Near Crocodile Bridge",5/5,Ray78,"Dec 9, 2023 · 2:09 PM UTC",Dec 9
339,1:50pm,1 Cheetah stationary,"H6, about 70m from the road under a small tree on S side of the road Near Satara",5/5,Renata - Kedibone Safaris,"Dec 9, 2023 · 12:54 PM UTC",Dec 9
342,12:00pm,Mega herd of Buffalo ,"H1-3, at Mazithi dam Near Tshokwane",5/5,Renata - Kedibone Safaris,"Dec 9, 2023 · 12:54 PM UTC",Dec 9
343,2:00pm,1 Lion crossed road,"S1, 150m W of Nyamundwa dam Near Phabeni",5/5,Zein,"Dec 9, 2023 · 12:44 PM UTC",Dec 9
345,8:36am,1 Sable Antelope crossed road,"H1-2, 2km S of Orpen Rocks, disappearing into bushes Near Skukuza",5/5,CdB,"Dec 9, 2023 · 12:12 PM UTC",Dec 9
346,12:31pm,5 Wild Dog stationary,"S1, 1.1km W of Nyamundwa dam Near Phabeni",3/5,Kylelaing26,"Dec 9, 2023 · 10:55 AM UTC",Dec 9
347,12:23pm,4 Southern Ground Hornbill on the move,"S110 tar, 1.4km W of H3 Near Malelane",5/5,TY1,"Dec 9, 2023 · 10:55 AM UTC",Dec 9
351,8:23am,1 Leopard on the move,"S130, 1.6km S of S137 Near Lower Sabie",2/5,ToyahM,"Dec 9, 2023 · 10:11 AM UTC",Dec 9
352,11:24am,4 Lion stationary,"S1, 500m W of Nyamundwa dam Near Phabeni",3/5,francois vis,"Dec 9, 2023 · 10:11 AM UTC",Dec 9
353,7:29am,1 Elephant on the move,"S128, 8.8km W of H10 S junction Near Lower Sabie",5/5,NatgeoJames,"Dec 9, 2023 · 10:11 AM UTC",Dec 9
356,9:39am,5 Wild Dog stationary,"S1, 1km W of Nyamundwa dam Near Phabeni",2/5,MikaylaSindlerova,"Dec 9, 2023 · 8:15 AM UTC",Dec 9
357,8:45am,1 Leopard ,"S130, 2km N of H4-2 S junction Near Crocodile Bridge",5/5,BerniceVos,"Dec 9, 2023 · 8:15 AM UTC",Dec 9
360,8:15am,1 Lion on the move,"H4-1, at Lubyelubye bridge, crossed bridge and went down to riverbed Near Lower Sabie",5/5,Renata - Kedibone Safaris,"Dec 9, 2023 · 7:25 AM UTC",Dec 9
361,8:00am,Huge herd of Elephant ,"H4-1, next to the road just before Lubyelubye Near Lower Sabie",5/5,Renata - Kedibone Safaris,"Dec 9, 2023 · 7:25 AM UTC",Dec 9
362,5:45am,1 Leopard on the move,"H4-1, 3km W of Nkuhlu picnic site Near Lower Sabie",5/5,Renata - Kedibone Safaris,"Dec 9, 2023 · 7:25 AM UTC",Dec 9
363,4:55am,1 Spotted Hyena stationary,"H4-1, near H12, ate something, on the road with bloody face and legs Near Lower Sabie",5/5,Renata - Kedibone Safaris,"Dec 9, 2023 · 7:25 AM UTC",Dec 9
364,8:42am,1 Hippopotamus stationary in a mud bath,"S25, 2.2km W of S27 Near Crocodile Bridge",5/5,HesterM1076,"Dec 9, 2023 · 7:24 AM UTC",Dec 9
365,8:09am,Beautiful Verreaux's Eagle Owl stationary on the ground and Tawny Eage in a tree,"S27, 400m S of S25 Near Crocodile Bridge",5/5,HesterM1076,"Dec 9, 2023 · 7:24 AM UTC",Dec 9
366,6:46am,2 Secretary Bird feeding,"S25, 550m E of S27 Near Crocodile Bridge",5/5,KopiteonSafari,"Dec 9, 2023 · 6:26 AM UTC",Dec 9
367,6:57am,Pod of 8 Hippopotami stationary,"H10, Sabie River, in the water right next to the bridge Near Lower Sabie",5/5,NatgeoJames,"Dec 9, 2023 · 6:26 AM UTC",Dec 9
368,7:22am,16 Wild Dog on the move,"S25, 5.4km W of S139 Near Biyamiti Bush Camp",5/5,TreeHugger,"Dec 9, 2023 · 6:25 AM UTC",Dec 9
369,7:34am,1 Tortoise on the move,"H4-1, just W of H11 Near Skukuza",5/5,HeatherM23,"Dec 9, 2023 · 6:25 AM UTC",Dec 9
375,6:21am,2 Lion stationary,"S1, 800m W of Nyamundwa dam Near Phabeni Gate",3/5,CdB,"Dec 9, 2023 · 4:41 AM UTC",Dec 9
377,5:45am,1 Spotted Hyena on the move,"H4-2, 700m N of S25 Near Crocodile Bridge",5/5,Salooms x,"Dec 9, 2023 · 4:12 AM UTC",Dec 9
379,5:40am,1 Common Duiker on the move,"H11, 4km E of S1 Near Skukuza",5/5,MichaelLever1,"Dec 8, 2023 · 3:56 PM UTC",Dec 8
380,5:19pm,1 Tawny Eagle eating,"S28, 7.9km E of H4-2 S junction Near Crocodile Bridge",5/5,NatgeoJames,"Dec 8, 2023 · 3:46 PM UTC",Dec 8
383,4:51pm,2 Crocodile stationary,"H4-2, Vurhami Bridge Near Crocodile Bridge",5/5,NatgeoJames,"Dec 8, 2023 · 3:26 PM UTC",Dec 8
387,11:45am,Herd of Elephant swimming,"H1-3, at Kumana dam Near Tshokwane",5/5,Renata - Kedibone Safaris,"Dec 8, 2023 · 3:16 PM UTC",Dec 8
389,7:30am,Huge herd of Buffalo and Elephants,"H9, at Nhlanganini dam Near Letaba",5/5,Renata - Kedibone Safaris,"Dec 8, 2023 · 3:16 PM UTC",Dec 8
392,10:23am,2 Spotted Hyena crossed road and Warthog,"S118, 1.7km E of H3 Near Malelane",5/5,Ray69,"Dec 8, 2023 · 2:18 PM UTC",Dec 8
394,2:57pm,4 Elephant stationary,"H4-2, just N of Crocodile River Bridge Near Crocodile Bridge Gate",5/5,NatgeoJames,"Dec 8, 2023 · 1:25 PM UTC",Dec 8
395,1:56pm,4 Giraffe stationary,"S25, 9.8km E of S119 Near Malelane",5/5,NatgeoJames,"Dec 8, 2023 · 12:22 PM UTC",Dec 8
396,1:56pm,5 Hippopotami stationary,"S25, 10.3km E of S119 Near Malelane",4/5,NatgeoJames,"Dec 8, 2023 · 12:22 PM UTC",Dec 8
397,12:06pm,Herd of Buffalo stationary,"S102, at Mpondo dam Near Lower Sabie",5/5,Lesia Vermaak,"Dec 8, 2023 · 11:21 AM UTC",Dec 8
399,11:28am,8 Giraffe stationary,"S25, 2.3km W of S27 Near Crocodile Bridge",5/5,Alex1860,"Dec 8, 2023 · 9:54 AM UTC",Dec 8
400,11:30am,Photo of the Elephant crossing river,"H1-2, Sabie River low water bridge Near Skukuza",5/5,Frannie - Tambotie Transfers and Tours,"Dec 8, 2023 · 9:51 AM UTC",Dec 8
401,11:35am,1 Leopard crossing road,"H1-2, Sabie River low water bridge N entrance, heading towards river Near Skukuza",5/5,Frannie - Tambotie Transfers and Tours,"Dec 8, 2023 · 9:49 AM UTC",Dec 8
402,11:30am,2 Elephant crossing river,"H1-2, Sabie River low water bridge Near Skukuza",5/5,Frannie - Tambotie Transfers and Tours,"Dec 8, 2023 · 9:49 AM UTC",Dec 8
404,11:07am,2 Giraffe stationary,"S28, 3.2km E of H4-2 S junction Near Crocodile Bridge",5/5,Alex1860,"Dec 8, 2023 · 9:26 AM UTC",Dec 8
407,10:33am,1 Leopard chilling in a tree,"H1-2, 500m N of Sabie River Bridge Near Skukuza",5/5,Marnoca,"Dec 8, 2023 · 8:39 AM UTC",Dec 8
409,8:12am,1 Elephaant eating,"H5, 7.9km W of S108 Near Lower Sabie",4/5,Marnoca,"Dec 8, 2023 · 8:11 AM UTC",Dec 8
410,9:32am,1 Honey Badger crossed road and Dwarf Mongoose,"S110 sand, 4km W of S120 Near Berg En Dal",3/5,Ray69,"Dec 8, 2023 · 8:11 AM UTC",Dec 8
411,10:00am,8 Wild Dog sleeping,"S1, about 9km E of Phabeni gate, next to the road Near Phabeni Gate",5/5,Frannie - Tambotie Transfers and Tours,"Dec 8, 2023 · 8:07 AM UTC",Dec 8
414,9:51am,6 Wild Dog ,"S1, E past the Nyamundwa dam Near Phabeni Gate",5/5,The Rillema Gang,"Dec 8, 2023 · 8:07 AM UTC",Dec 8
417,8:54am,20 Elephant ,"S102, Mpondo waterhole Near Lower Sabie",5/5,Salomi Van Stryp,"Dec 8, 2023 · 7:16 AM UTC",Dec 8
418,7:53am,1 Leopard on the move,"H5, 8km W of S108 Near Lower Sabie",5/5,Salomi Van Stryp,"Dec 8, 2023 · 6:25 AM UTC",Dec 8
421,6:41am,1 Lion stationary,"S1, 900m W of Nyamundwa dam Near Phabeni",4/5,Jeremyv,"Dec 8, 2023 · 5:06 AM UTC",Dec 8
423,6:51am,4 Elephant on the move,"S102, Mpondo dam Near Lower Sabie",5/5,Andre and Corlia,"Dec 8, 2023 · 4:57 AM UTC",Dec 8
425,5:59am,1 Southern Ground hornbill in a tree,"S114, 1.1km E of H3 Near Malelane",5/5,Jamin - MindaraLodge,"Dec 8, 2023 · 4:32 AM UTC",Dec 8
426,6:10am,1 Elephant stationary,"H4-2, 350m S of S130 S Near Crocodile Bridge",5/5,Timtam,"Dec 8, 2023 · 4:31 AM UTC",Dec 8
427,5:29am,1 Leopard on the move,"H1-1, close to H3 junction Near Skukuza",5/5,Ruan8808,"Dec 8, 2023 · 4:31 AM UTC",Dec 8
433,4:59pm,1 Spotted Hyena stationary,"H11, at turnoff to Lake Panic Hide Near Skukuza",5/5,pezza,"Dec 7, 2023 · 3:30 PM UTC",Dec 7
435,4:48pm,3 Lion sleeping,"H6, 15.5km W of S37 Near Satara",5/5,joshdownes,"Dec 7, 2023 · 2:56 PM UTC",Dec 7
437,9:16am,10 Elephant on the move,"H10, 6.3km N of H4-2 Near Lower Sabie",4/5,joshdownes,"Dec 7, 2023 · 1:47 PM UTC",Dec 7
438,1:40pm,9 Wild Dog stationary,"H1-2, N side of Sand River Bridge, sitting in the riverbed, have to be on the bridge to see them Near Skukuza",5/5,Christelle - Capture Nature Kruger Safaris,"Dec 7, 2023 · 1:39 PM UTC",Dec 7
439,12:50pm,3 Lion stationary,"H6, 2.2km E of H1-3, close to road Near Crocodile Bridge",5/5,Nelson Cruz - Africa Kruger Tours,"Dec 7, 2023 · 12:56 PM UTC",Dec 7
442,11:48am,9 Wild Dogs stationary,"H1-2, N side of Sand River Bridge, sitting in the riverbed, have to be on the bridge to see them. Near Skukuza",5/5,ToyahM,"Dec 7, 2023 · 9:54 AM UTC",Dec 7
443,10:21am,1 Lion on the move,"H4-1, 4.4km W of H12 Near Skukuza",5/5,ToyahM,"Dec 7, 2023 · 9:23 AM UTC",Dec 7
444,10:30am,1 Leopard,"H4-1, 2.5km W of S79 N entrance (500m from Hyena) very close to road Near Lower Sabie",5/5,Abdullah,"Dec 7, 2023 · 9:07 AM UTC",Dec 7
445,10:00am,1 Spotted Hyena,"H4-1, 3km W of S79 N entrance Near Lower Sabie",5/5,Abdullah,"Dec 7, 2023 · 9:07 AM UTC",Dec 7
449,10:50am,3 Lions stationary,"H6, 11.5km W of S37 (1.5km W of the other lions) Near Satara",4/5,Nhlamulo,"Dec 7, 2023 · 9:07 AM UTC",Dec 7
450,10:30am,3 Lions stationary,"H6, 13km W of S37 Near Satara",4/5,Nhlamulo,"Dec 7, 2023 · 9:07 AM UTC",Dec 7
451,8:50am,2 Lions stationary,"S100, 16km E of H1-3 on the drainage line Near Satara",5/5,Nhlamulo,"Dec 7, 2023 · 9:07 AM UTC",Dec 7
452,10:36am,2 Lions on the move,"S27, spotted walking across the road to Hippo Pools Near Crocodile Bridge",5/5,M.panchbhaya,"Dec 7, 2023 · 9:06 AM UTC",Dec 7
453,9:59am,20 Chacma Baboons playing,"H3, 1.3km S of Afsaal Near Malelane",5/5,Eloisar,"Dec 7, 2023 · 8:13 AM UTC",Dec 7
454,9:37am,10 Giraffe ,"S25, 3.4km W of S26 Near Biyamiti Bush Camp",5/5,Stephnie Prinsloo,"Dec 7, 2023 · 8:12 AM UTC",Dec 7
455,7:45am,Pride of Lion stationary,"H3, 2.2km N of S114, close to the road, lying down in the grass Near Malelane",5/5,Christelle - Capture Nature Kruger Safaris,"Dec 7, 2023 · 7:22 AM UTC",Dec 7
458,8:53am,1 Spotted Hyena on the move,"H10, S side of Sabie River Bridge Near Lower Sabie",5/5,KopiteonSafari,"Dec 7, 2023 · 7:10 AM UTC",Dec 7
459,7:34am,10 Lion sleeping,"S65, 5.5km S of S1 Near Skukuza",5/5,Urmompretty,"Dec 7, 2023 · 7:10 AM UTC",Dec 7
460,7:59am,2 Leopard Tortoise mating,"S1, 400m from H11 Near Skukuza",5/5,Urmompretty,"Dec 7, 2023 · 7:08 AM UTC",Dec 7
462,8:15am,3 Spotted Hyena sleeping,"H11, at turnoff to Lake Panic Hide Near Skukuza",5/5,pezza,"Dec 7, 2023 · 7:08 AM UTC",Dec 7
463,8:44am,1 Elephant ,"S27, 600m S of S25 Near Crocodile Bridge",5/5,Stephnie Prinsloo,"Dec 7, 2023 · 7:08 AM UTC",Dec 7
464,8:34am,1 Cheetah on the move,"S100, 9.3km E of H1-3, went down the drainage line Near Satara",2/5,Nhlamulo,"Dec 7, 2023 · 6:48 AM UTC",Dec 7
465,8:28am,Herd of Buffalo ,"S29, 500m E of H10 N junction Near Lower Sabie",5/5,Ray,"Dec 7, 2023 · 6:35 AM UTC",Dec 7
467,8:00am,1 Lion stationary,"S100, 5.5km E of H1-3, close to the road Near Satara",5/5,Nhlamulo,"Dec 7, 2023 · 6:28 AM UTC",Dec 7
469,7:39am,1 Spotted Hyena sleeping,"H4-2, 700m N of S25 Near Crocodile Bridge",3/5,KopiteonSafari,"Dec 7, 2023 · 6:09 AM UTC",Dec 7
472,5:39am,1 Elephant stationary,"S82, 8.8km N of H4-2 S junction Near Lower Sabie",5/5,joshdownes,"Dec 7, 2023 · 5:03 AM UTC",Dec 7
473,6:57am,1 Spotted Hyena ,"H11, at S1 junction Near Skukuza",5/5,A,"Dec 7, 2023 · 4:59 AM UTC",Dec 7
474,6:37am,1 Cheetah on the move,"H7, 1.5km E of S36, close to the road Near Satara",5/5,Nhlamulo,"Dec 7, 2023 · 4:59 AM UTC",Dec 7
477,5:02am,1 Spotted Hyena on the move,"H1-1, 400m W of H2-2 Near Pretoriuskop",2/5,Urmompretty,"Dec 7, 2023 · 4:07 AM UTC",Dec 7
478,6:01am,7 Giraffe eating,"S3, 1.4km S of S1 Near Phabeni",5/5,Urmompretty,"Dec 7, 2023 · 4:07 AM UTC",Dec 7
479,5:49am,2 Lion stationary,"S28, about 1.6km E of H4-2 S, just before power lines Near Crocodile Bridge",3/5,Hayley M,"Dec 7, 2023 · 4:07 AM UTC",Dec 7
480,5:50am,2 Lion ,"S28, 1.5km E of H4-2 S Near Crocodile Bridge",3/5,Zain,"Dec 7, 2023 · 4:03 AM UTC",Dec 7
497,3:11pm,Pride of Lion crossed road.,"H4-2, 5km N of S130, S entrance Near Crocodile Bridge",5/5,Ray,"Dec 6, 2023 · 1:51 PM UTC",Dec 6
498,2:51pm,2 Tawny Eagle stationary,"H3, 300m N of S110 tar Near Malelane",5/5,Followyourtrip,"Dec 6, 2023 · 1:05 PM UTC",Dec 6
499,2:53pm,5 Lion on the move,"S28, 700m from H4-2, S entrance Near Crocodile Bridge",5/5,Jandre,"Dec 6, 2023 · 1:03 PM UTC",Dec 6
500,2:39pm,2 Spotted Hyena on the move,"H4-2, 2.7km S of S130, S entrance Near Crocodile Bridge",5/5,GTrain,"Dec 6, 2023 · 12:49 PM UTC",Dec 6
505,7:58am,2 African Comb Ducks feeding,"S61, at the Klopperfontein Dam Near Punda Maria",5/5,DecklanJordaan,"Dec 6, 2023 · 12:14 PM UTC",Dec 6
506,11:28am,1 Dickinson's Kestrel stationary,"H1-8, 4.2km N of S61 Near Punda Maria",5/5,DecklanJordaan,"Dec 6, 2023 · 12:14 PM UTC",Dec 6
507,7:56am,1 Greater painted Snipe stationary,"S61, at the Klopperfontein Dam Near Punda Maria",5/5,DecklanJordaan,"Dec 6, 2023 · 12:13 PM UTC",Dec 6
508,7:55am,13 Lark-like buntings drinking,"S61, at the Klopperfontein Dam Near Punda Maria",5/5,DecklanJordaan,"Dec 6, 2023 · 12:13 PM UTC",Dec 6
513,10:49am,4 Lions stationary,"S28, 2km from H4-2, S entrance Near Crocodile Bridge",5/5,Stoutgat,"Dec 6, 2023 · 8:58 AM UTC",Dec 6
522,6:53am,5 Lion stationary,"S28, 2.2km from H4-2, S entrance Near Crocodile Bridge",4/5,ToyahM,"Dec 6, 2023 · 6:03 AM UTC",Dec 6
523,7:55am,1 Leopard on the move,"H7, 400m W of S106, W entrance Near Orpen",2/5,Kcmcnairn,"Dec 6, 2023 · 6:03 AM UTC",Dec 6
526,7:10am,2 Black backed Jackal on the move,"H4-2, just N of S25 Near Crocodile Bridge",5/5,KopiteonSafari,"Dec 6, 2023 · 5:43 AM UTC",Dec 6
527,7:29am,4 Lion stationary,"S28, 3km from H4-2 Near Crocodile Bridge",5/5,Jonas117,"Dec 6, 2023 · 5:43 AM UTC",Dec 6
529,6:01am,1 Black backed Jackal on the move,"S110 gravel, 2.8km W of S120 Near Berg en Dal",5/5,KP09,"Dec 6, 2023 · 5:31 AM UTC",Dec 6
534,6:47am,3 Giraffe stationary,"H11, 900m W of S1 Near Skukuza",5/5,Stoutgat,"Dec 6, 2023 · 5:08 AM UTC",Dec 6
535,6:58am,2 Spotted Hyena stationary,"H11, at the S42 junction Near Skukuza",5/5,Stoutgat,"Dec 6, 2023 · 5:08 AM UTC",Dec 6
553,11:36am,1 Lion sleeping,"H3, 800m N of S112 Near Skukuza",4/5,Waseema_manjra,"Dec 5, 2023 · 10:46 AM UTC",Dec 5
558,10:50am,4 Zebra crossed road,"S27, 2.1km from S25 Near Crocodile Bridge",5/5,TY1,"Dec 5, 2023 · 9:16 AM UTC",Dec 5
568,6:59am,2 Lion on the move,"H4-2, at the Vurhami Bridge Near Crocodile Bridge",5/5,Christelle - Capture Nature Kruger Safaris,"Dec 5, 2023 · 7:15 AM UTC",Dec 5
579,6:45am,1 Spotted Hyena on the move,"H3, 100m N of S121 Near Malelane",5/5,Jesswoollam,"Dec 5, 2023 · 4:59 AM UTC",Dec 5
580,6:51am,1 Leopard feeding,"S25, 3.5km W of S27 Near Crocodile Bridge",3/5,KopiteonSafari,"Dec 5, 2023 · 4:55 AM UTC",Dec 5
584,6:10am,1 Kori Bustard on the move,"S25, 850m from H4-2 Near Crocodile Bridge",5/5,KopiteonSafari,"Dec 5, 2023 · 4:21 AM UTC",Dec 5
585,5:29am,1 Wild Dog crossed road,"H11, 1.4km W of S42 Near Skukuza",5/5,arturohm8,"Dec 5, 2023 · 4:21 AM UTC",Dec 5
587,5:01pm,4 Vulture in a tree,"H4-2, 1.9km S of S28, N entrance Near Lower Sabie",5/5,TY1,"Dec 4, 2023 · 3:31 PM UTC",Dec 4
589,4:20pm,Herd of Buffalo stationary,"S28, 1.5km N of Shishangeni Lodge turnoff Near Crocodile Bridge",5/5,Annatjie Conradie,"Dec 4, 2023 · 3:22 PM UTC",Dec 4
595,2:08pm,1 Leopard stationary,"H4-1, 1.5km E of H12 Near Skukuza",3/5,Chechirussel,"Dec 4, 2023 · 12:28 PM UTC",Dec 4
599,1:13pm,50 plus Buffalo stationary,"S28, 4km from H4-2, S entrance Near Crocodile Bridge",5/5,TY1,"Dec 4, 2023 · 11:26 AM UTC",Dec 4
600,12:49pm,1 Lion sleeping,"H6, 2.4km from H1-3 Near Satara",4/5,ToyahM,"Dec 4, 2023 · 10:59 AM UTC",Dec 4
608,10:20am,1 Lion stationary,"H6, 2.5km from H1-3 Near Satara",4/5,MrTNamibia,"Dec 4, 2023 · 8:27 AM UTC",Dec 4
610,9:45am,1 Spotted Hyena stationary,"S25, 1.2km E of S119 Near Malelane",5/5,Afghan,"Dec 4, 2023 · 7:57 AM UTC",Dec 4
611,9:30am,1 Giraffe drinking,"H1-1, at the De Laporte waterhole Near Skukuza",5/5,Annatjie Conradie,"Dec 4, 2023 · 7:48 AM UTC",Dec 4
617,8:16am,1 Kori Bustard on the move,"S25, 150m from H4-2 Near Crocodile Bridge",5/5,Emilyjoosse,"Dec 4, 2023 · 6:35 AM UTC",Dec 4
619,8:00am,1 Lion sleeping,"H9, 7.2km E of S96 Near Letaba",5/5,ToyahM,"Dec 4, 2023 · 6:31 AM UTC",Dec 4
623,5:26am,1 Lion stationary,"H6, 1.7km from H1-3 Near Satara",5/5,Chris123456,"Dec 4, 2023 · 4:21 AM UTC",Dec 4
624,5:33am,1 Lion on the move,"H1-3, 2.6km S of H6 Near Satara",5/5,Chris123456,"Dec 4, 2023 · 4:21 AM UTC",Dec 4
625,5:45am,1 Kori Bustard stationary,"S25, 300m from H4-2 Near Crocodile Bridge",5/5,Sunflower,"Dec 4, 2023 · 4:15 AM UTC",Dec 4
636,9:22am,1 Lion on the move,"S1, 4.7km E of the S3 Near Pretoriuskop",5/5,HHG,"Dec 3, 2023 · 7:47 AM UTC",Dec 3
638,8:12am,1 Hippopotamus stationary,"S25, 2.3km W of the S27 Near Crocodile Bridge",5/5,HesterM1076,"Dec 3, 2023 · 7:47 AM UTC",Dec 3
641,7:44am,Pack of Wild Dog stationary,"H7, near the S106 E junction Near Orpen",5/5,Nicolette,"Dec 3, 2023 · 6:44 AM UTC",Dec 3
642,5:04pm,2 Lion ,"S114, 250m E of H3 Near Malelane",5/5,Zain,"Dec 2, 2023 · 3:15 PM UTC",Dec 2
643,1:55pm,2 Elephant swimming,"S119, at Gardenia hide waterhole Near Malelane",5/5,Gulfstream,"Dec 2, 2023 · 1:21 PM UTC",Dec 2
645,2:00pm,1 Leopard in a tree with kill,"S118, 2km E of H3 Near Malelane",5/5,Cheryl,"Dec 2, 2023 · 12:32 PM UTC",Dec 2
646,6:30am,3 Lion on the move,"H4-2, near Vurhami bridge Near Crocodile Bridge",5/5,zkwildlifephotography,"Dec 2, 2023 · 12:08 PM UTC",Dec 2
647,11:25am,Herd of Elephant playing,"H1-3, at Kumana dam, in the water Near Tshokwane",5/5,Keaton and Anthony's,"Dec 2, 2023 · 12:08 PM UTC",Dec 2
649,10:45am,Big herd of Buffalo on the move,"H1-3, at Mazithi dam Near Tshokwane",5/5,Keaton and Anthony's,"Dec 2, 2023 · 12:08 PM UTC",Dec 2
650,10:40am,Big herd of Buffalo stationary,"H1-3, at Mazithi dam Near Tshokwane",5/5,Keaton and Anthony's,"Dec 2, 2023 · 12:08 PM UTC",Dec 2
652,11:30am,3 Cheetah stationary,"S130, between S137 and H4-2 N, 150m E of dry waterhole lying under tree on N side Near Lower Sabie",3/5,Renata - Kedibone Safaris,"Dec 2, 2023 · 11:16 AM UTC",Dec 2
653,12:38pm,1 Leopard stationary,"S114, 800m S of H2-2 Near Malelane",4/5,JoubertSwart,"Dec 2, 2023 · 10:50 AM UTC",Dec 2
654,10:53am,2 Lion stationary,"H4-1, 2.5km W of Sunset dam near the side of the river under a tree in shade Near Lower Sabie",1/5,Candace717,"Dec 2, 2023 · 9:48 AM UTC",Dec 2
655,10:39am,2 Lion stationary,"S114, 900m E of H3 Near Malelane",3/5,Jesswoolam,"Dec 2, 2023 · 9:48 AM UTC",Dec 2
656,11:25am,3 Hippopotamus grazing,"S27, at Hippo Pools Near Crocodile Bridge",5/5,Marie and Hendrik,"Dec 2, 2023 · 9:38 AM UTC",Dec 2
659,9:16am,4 Elephant stationary,"S25, 6km E of S26 Near Crocodile Bridge",4/5,Janrap,"Dec 2, 2023 · 8:23 AM UTC",Dec 2
660,9:55am,1 Verreaux's Eagle Owl ,"S28, about 7km E of H4-2 S junction Near Crocodile Bridge",5/5,Marie and Hendrik,"Dec 2, 2023 · 8:22 AM UTC",Dec 2
661,8:00am,3 Lion ,"S46, at Engelhard dam Near Letaba",3/5,Mhloti,"Dec 2, 2023 · 7:47 AM UTC",Dec 2
662,9:31am,Pride of Lion stationary,"H7, 400m E of Tamboti camp turn off Near Orpen",5/5,Hester,"Dec 2, 2023 · 7:47 AM UTC",Dec 2
666,8:25am,Big herd of Buffalo on the move,"H4-1, close to the H11 junction Near Skukuza",5/5,Keaton and the Anthony's,"Dec 2, 2023 · 6:31 AM UTC",Dec 2
667,7:44am,1 Spotted Hyena on the move,"S25, 1.4km E of S119 Near Malelane",5/5,Chechirussel,"Dec 2, 2023 · 6:22 AM UTC",Dec 2
668,7:17am,1 Lion stationary,"H4-2, just N of S28 S junction Near Crocodile Bridge",5/5,Janrap,"Dec 2, 2023 · 5:20 AM UTC",Dec 2
669,7:00am,1 Spotted Hyena stationary,"S1, 1.5km E of S4, a bit off the road Near Skukuza",3/5,Keaton and Anthony's,"Dec 2, 2023 · 5:12 AM UTC",Dec 2
670,6:59am,Pride of Lion ,"S28, 3km E of H4-2 S junction Near Crocodile Bridge",5/5,Afghan,"Dec 2, 2023 · 5:10 AM UTC",Dec 2
671,6:40am,Pride of Lion stationary,"H4-2, about 100m N of S28 S junction Near Crocodile Bridge",4/5,Marie and Hendrik,"Dec 2, 2023 · 5:03 AM UTC",Dec 2
672,6:30am,1 Lion stationary,"H4-2, just N of S28 S junction Near Crocodile Bridge",2/5,Afghan,"Dec 2, 2023 · 4:39 AM UTC",Dec 2
674,5:30am,Pack of Wild Dog on the move,"H7, running on the road 15km E of Maroela turnoff Near Orpen",5/5,Nirie,"Dec 2, 2023 · 4:14 AM UTC",Dec 2
678,5:50pm,2 Honey Badger ,"S119, 2km W of Gardenia Hide Near Malelane",5/5,n.m wildlifephotography,"Dec 1, 2023 · 3:53 PM UTC",Dec 1
682,12:30pm,Baby Warthog suckling,"H3, 1km S of H2-2 Near Malelane",5/5,68头牛,"Dec 1, 2023 · 11:57 AM UTC",Dec 1
683,12:06pm,2 Warthog with 6 babies running over the road,"S25, 2.8km E of S26 Near Crocodile Bridge",5/5,Jacobs Family,"Dec 1, 2023 · 11:37 AM UTC",Dec 1
684,11:30am,3 Lion ,"H1-3, 150m N of Ngotso North Near Satara",3/5,Renata - Kedibone Safaris,"Dec 1, 2023 · 11:37 AM UTC",Dec 1
685,12:35pm,5 Lion stationary,"S119, 1km E of Gardenia Hide Near Malelane",3/5,Keaton and the Anthony's,"Dec 1, 2023 · 10:46 AM UTC",Dec 1
686,12:11pm,2 Buffalo stationary,"H3, standing in the riverbed at Mlambane bridge just before S118 Near Malelane",5/5,Rose,"Dec 1, 2023 · 10:25 AM UTC",Dec 1
688,11:46am,1 Hippopotamus laying in a pool of mud next to the road,"S25, 4.9km W of H4-2 Near Crocodile Bridge",5/5,Jacobs Family,"Dec 1, 2023 · 10:23 AM UTC",Dec 1
690,8:00am,1 Lion on the move,"H1-2, Sand river low level bridge Near Skukuza",5/5,Nhlamulo - Sable Tours,"Dec 1, 2023 · 9:39 AM UTC",Dec 1
692,5:30am,1 Leopard left tree,"S118, 2km  E of H3 Near Malelane",5/5,n.m wildlifephotography,"Dec 1, 2023 · 8:59 AM UTC",Dec 1
695,8:22am,2 Lion ,"H10, 6.9km N of H4-2 Near Lower Sabie",5/5,JustinGreef,"Dec 1, 2023 · 7:09 AM UTC",Dec 1
697,8:05am,2 Lion on the move,"S82, 9km N of H4-2 S junction on E side Near Lower Sabie",5/5,Kerry - Kruger Pride Safaris,"Dec 1, 2023 · 6:29 AM UTC",Dec 1
698,8:12am,Pack of Wild Dog stationary,"H12, 1.8km N of Sabie High Bridge, S30 Near Skukuza",1/5,Rose,"Dec 1, 2023 · 6:29 AM UTC",Dec 1
700,7:49am,6 Lion eating,"S119, 2.4km N of S25 Near Malelane",4/5,Shaylavl,"Dec 1, 2023 · 6:12 AM UTC",Dec 1
702,7:30am,2 Black backed Jackal on the move,"H4-2, at S25 junction Near Crocodile Bridge",5/5,Marie and Hendrick,"Dec 1, 2023 · 6:07 AM UTC",Dec 1
703,7:28am,8 Spotted Hyena on the move,"S1, at H11 junction Near Skukuza",5/5,HHG,"Dec 1, 2023 · 5:57 AM UTC",Dec 1
705,7:16am,2 Southern Ground Hornbill on the move,"S110 sand, 2.7km W of S120 Near Berg En Dal",4/5,Jamin-MindaraLodge,"Dec 1, 2023 · 5:57 AM UTC",Dec 1
709,6:46am,4 Spotted Hyena stationary,"S114, 1km E of H3 Near Malelane",2/5,Shaylavl,"Dec 1, 2023 · 5:08 AM UTC",Dec 1
710,6:45am,1 Spotted Hyena on the move,"H3, 550m S of S114 Near Malelane",5/5,Shaylavl,"Dec 1, 2023 · 5:08 AM UTC",Dec 1
712,6:20am,1 Lion on the move,"S25, crossed the road 1.9km W of H4-2 Near Crocodile Bridge",5/5,Kerry - Kruger Pride Safaris,"Dec 1, 2023 · 4:36 AM UTC",Dec 1
713,6:14am,1 Cheetah on a kill,"S25, 300m W of S27 Near Crocodile Bridge",5/5,Ursula,"Dec 1, 2023 · 4:30 AM UTC",Dec 1
714,6:05am,1 Cheetah on the move,"S25, 300m W of S27, has now crossed over to N side, losing visual Near Crocodile Bridge",3/5,Kerry - Kruger Pride Safaris,"Dec 1, 2023 · 4:28 AM UTC",Dec 1
715,5:30am,1 Cheetah on a kill,"S25, 300m W of S27 Near Crocodile Bridge",5/5,Kerry - Kruger Pride Safaris,"Dec 1, 2023 · 4:28 AM UTC",Dec 1
718,5:10am,1 Leopard in a tree,"S118, 2km E of H3 Near Malelane",5/5,n.m wildlifephotography,"Dec 1, 2023 · 4:13 AM UTC",Dec 1
719,6:02am,Lovely Sunrise ,"H3, Mlambane Bridge Near Malelane",5/5,n.m wildlifephotography,"Dec 1, 2023 · 4:13 AM UTC",Dec 1
722,4:37pm,1 Elephant eating,"S1, 1.2km W of S4 Near Skukuza",5/5,Jacobs Family,"Nov 30, 2023 · 4:02 PM UTC",Nov 30
723,4:26pm,3 Spotted Hyena came out of den and mom started feeding her cubs,"S1, 1.5km E of S4 Near Skukuza",5/5,Jacobs Family,"Nov 30, 2023 · 4:01 PM UTC",Nov 30
724,5:00pm,4 Spotted Hyena stationary,"S25, about 4km W of S139, next to road Near Biyamiti Bush Camp",5/5,Marie and Hendrik,"Nov 30, 2023 · 3:18 PM UTC",Nov 30
727,3:32pm,1 Elephant eating,"H4-2, 2.1km S of S130 S junction Near Crocodile Bridge",5/5,AntonioPaiz,"Nov 30, 2023 · 1:41 PM UTC",Nov 30
731,12:10pm,Photo of the Buffalo on the move,"S114, about 8km S of H1-1, crossing the road Near Skukuza",5/5,Frannie - Tambotie Transfers and Tours,"Nov 30, 2023 · 11:20 AM UTC",Nov 30
733,12:04pm,1 Leopard ,"H4-1, just 200m W of S79 S junction Near Lower Sabie",5/5,HHG,"Nov 30, 2023 · 11:18 AM UTC",Nov 30
734,11:15am,1 Leopard stationary,"H1-2, in a tree at Mutlumuvi bridge Near Skukuza",4/5,Treparriscos,"Nov 30, 2023 · 11:18 AM UTC",Nov 30
735,12:35pm,1 Leopard stationary,"H4-1, just 200m W of S79 S junction, at the bottom of the tree Near Lower Sabie",3/5,Treparriscos,"Nov 30, 2023 · 11:18 AM UTC",Nov 30
736,12:10pm,Herd of Buffalo on the move,"S114, about 8km S of H1-1, crossing the road Near Skukuza",5/5,Frannie - Tambotie Transfers and Tours,"Nov 30, 2023 · 11:12 AM UTC",Nov 30
737,11:20am,1 Leopard in a tree,"H11, 3.9km E of S1 Near Skukuza",3/5,Aliciaa,"Nov 30, 2023 · 9:59 AM UTC",Nov 30
739,10:00am,1 Pearl Spotted Owl ,"S25, 8km W of H4-2 Near Crocodile Bridge",5/5,Zahn Kruger,"Nov 30, 2023 · 8:55 AM UTC",Nov 30
740,10:15am,Beautiful Yellow Orchid in tree,"H1-2, 1km E of H12 on N side of road Near Skukuza",5/5,SusiedB,"Nov 30, 2023 · 8:54 AM UTC",Nov 30
744,8:48am,2 Southern Ground Hornbill ,"H1-2, 1.7km E of H12 Near Skukuza",3/5,Sandy Olivier,"Nov 30, 2023 · 8:01 AM UTC",Nov 30
745,9:37am,1 Leopard in a tree,"H1-2, Mutlumuvi bridge Near Skukuza",4/5,James,"Nov 30, 2023 · 7:43 AM UTC",Nov 30
748,9:30am,2 Lion ,"S28, near Ntandanyathi hide Near Lower Sabie",5/5,Nazreen,"Nov 30, 2023 · 7:34 AM UTC",Nov 30
749,8:05am,Mating pair of Lion ,"S1, 1.8km W of Nyamundwa dam Near Phabeni",4/5,Marietta and Howard,"Nov 30, 2023 · 7:34 AM UTC",Nov 30
750,8:00am,2 Southern Ground Hornbill ,"H1-2, about 2km W of H12 junction Near Skukuza",5/5,68头牛,"Nov 30, 2023 · 7:10 AM UTC",Nov 30
753,6:16am,1 Black bellied Bustard ,"S28, N of Shishangeni entrance Near Crocodile Bridge",5/5,Marie,"Nov 30, 2023 · 7:09 AM UTC",Nov 30
757,6:55am,1 Martial Eagle in a tree near Buffalo,"H11, N side of N'waswitshaka Bridge Near Skukuza",5/5,SusiedB,"Nov 30, 2023 · 6:00 AM UTC",Nov 30
759,6:04am,2 Honey Badger playing in dung right next to the watering hole,"S114, at James water hole N of S118 Near Malelane",5/5,TWF,"Nov 30, 2023 · 5:01 AM UTC",Nov 30
760,5:55am,Mating pair of Lion plus one old male with sore eye,"S1, 3.5km E of S3 Near Phabeni",5/5,SusiedB,"Nov 30, 2023 · 4:41 AM UTC",Nov 30
761,6:00am,Pride of Lion stationary,"S1, just W of Nyamundwa dam Near Phabeni",3/5,Anja,"Nov 30, 2023 · 4:41 AM UTC",Nov 30
762,5:38am,2 Lions mating,"S1, 2km E of S3 on N side of road Near Phabeni",3/5,James,"Nov 30, 2023 · 4:41 AM UTC",Nov 30
765,5:02am,2 Lion sleeping right next to the road,"H3, 2.2km N of S114 Near Malelane",5/5,TWF,"Nov 30, 2023 · 4:36 AM UTC",Nov 30
767,5:29pm,1 Spotted Hyena crossed road,"S3, 1.8km from H11 Near Paul Kruger Gate",5/5,HHg,"Nov 29, 2023 · 3:38 PM UTC",Nov 29
770,5:05pm,Pride of Lion stationary,"S28, 3.5km from H4-2, S entrance Near Crocodile Bridge",5/5,Marie and Hendrik,"Nov 29, 2023 · 3:16 PM UTC",Nov 29
771,5:00pm,1 Leopard Tortoise crossed road,"H4-2, 100m from S25 Near Crocodile Bridge",5/5,Tayobs,"Nov 29, 2023 · 3:08 PM UTC",Nov 29
772,4:44pm,1 Black backed Jackal on the move,"H4-2, 500m N of S25 Near Crocodile Bridge",5/5,Tayobs,"Nov 29, 2023 · 3:08 PM UTC",Nov 29
775,11:50am,50 plus Elephant drinking,"H1-2, at the Mantimahle dam Near Skukuza",5/5,Ossendryver_Family,"Nov 29, 2023 · 2:33 PM UTC",Nov 29
776,7:17am,1 Giraffe drinking,"S21, at the Mthomane pan Near Skukuza",5/5,Ossendryver_Family,"Nov 29, 2023 · 2:33 PM UTC",Nov 29
777,3:35pm,1 Leopard on the move,"H11, 700m W of H1-1 Near Skukuza",2/5,Ossendryver_Family,"Nov 29, 2023 · 2:33 PM UTC",Nov 29
778,3:59pm,Pride of Lion stationary,"S28, about 3.5km from H4-2, S entrance Near Crocodile Bridge",5/5,Tayobs,"Nov 29, 2023 · 2:12 PM UTC",Nov 29
779,3:04pm,1 Leopard on the move,"H1-3, about 1km N of H7 Near Satara",5/5,Mare,"Nov 29, 2023 · 1:52 PM UTC",Nov 29
785,8:43am,1 Leopard on the move with kill,"H11, Near the Staff village bridge. Near Skukuza",5/5,Tinged by@n.m_wildlifephotography,"Nov 29, 2023 · 11:47 AM UTC",Nov 29
788,8:50am,4 Sable Antelope stationary,"H1-2, 1.2km E of Orpen Koppies Near Skukuza",5/5,Renata - Kedibone Safaris,"Nov 29, 2023 · 11:40 AM UTC",Nov 29
793,7:34am,20 plus Elephant feeding,"H4-1, 5.7km E of H12 Near Skukuza",5/5,Mednor,"Nov 29, 2023 · 11:00 AM UTC",Nov 29
801,10:55am,1 Lion stationary,"H1-2, 2.2km E of S83, W entrance Near Skukuza",2/5,Ossendryver_Family,"Nov 29, 2023 · 10:32 AM UTC",Nov 29
809,7:08am,2 Lion mating,"S1, at the Nyamundwa Dam Near Phabeni",5/5,Cil,"Nov 29, 2023 · 6:48 AM UTC",Nov 29
812,6:47am,1 Leopard stationary,"S21, 950m from S114 Near Skukuza",4/5,Ossendryver_Family,"Nov 29, 2023 · 6:39 AM UTC",Nov 29
818,5:41am,1 Leopard stationary,"H11, at the N'waswitshaka River Bridge Near Skukuza",4/5,James,"Nov 29, 2023 · 6:13 AM UTC",Nov 29
825,6:17am,3 Spotted Hyena stationary,"H3, 1.3km S of Afsaal Near Malelane",5/5,Ryanb1508,"Nov 29, 2023 · 5:01 AM UTC",Nov 29
826,5:34am,1 Spotted Hyena crossed road,"S65, 2.8km from S1 Near Skukuza",5/5,Ossendryver_Family,"Nov 29, 2023 · 5:01 AM UTC",Nov 29
829,5:51pm,1 Leopard hunting,"S1, 2km E of S4 Near Skukuza",5/5,Nachi and Ossendryver_Family,"Nov 28, 2023 · 4:05 PM UTC",Nov 28
832,5:23pm,1 Buffalo stationary,"S1, 2km E of the Mashukele River Bridge Near Phabeni",5/5,Nachi,"Nov 28, 2023 · 3:35 PM UTC",Nov 28
834,5:00pm,1 Leopard stationary,"H1-2, at the Mutlumuvi river bridge Near Skukuza",5/5,James,"Nov 28, 2023 · 3:05 PM UTC",Nov 28
838,3:40pm,2 Cheetah stationary,"S1, 4.9km W of S4 Near Phabeni",4/5,Ossendryver_Family,"Nov 28, 2023 · 2:04 PM UTC",Nov 28
839,3:15pm,Herd of Buffalo stationary,"H4-1, 5.2km from H1-2 Near Skukuza",5/5,Nachi,"Nov 28, 2023 · 1:56 PM UTC",Nov 28
845,1:33pm,10 Zebra feeding,"S1, 650m W of S65 Near Skukuza",5/5,Mednor,"Nov 28, 2023 · 11:55 AM UTC",Nov 28
